<?xml version="1.0" encoding="UTF-8"?>
<project-private xmlns="http://www.netbeans.org/ns/project-private/1">
    <editor-bookmarks xmlns="http://www.netbeans.org/ns/editor-bookmarks/2" lastBookmarkId="0"/>
    <open-files xmlns="http://www.netbeans.org/ns/projectui-open-files/2">
        <group>
            <file>file:/C:/Users/josrh/Documents/NetBeansProjects/COP3337-Project4-Class/COP3337-Project4-Class/src/app/ExecutionInfo.java</file>
            <file>file:/C:/Users/josrh/Documents/NetBeansProjects/COP3337-Project4-Class/COP3337-Project4-Class/src/analyze/DataAnalyzer.java</file>
            <file>file:/C:/Users/josrh/Documents/NetBeansProjects/COP3337-Project4-Class/COP3337-Project4-Class/src/app/Controller.java</file>
            <file>file:/C:/Users/josrh/Documents/NetBeansProjects/COP3337-Project4-Class/COP3337-Project4-Class/src/util/StopWatch.java</file>
        </group>
    </open-files>
</project-private>
